,Image,Frequency,Orientation,1st PC Layer 0,2nd PC Layer 0,1st PC Layer 1,2nd PC Layer 1,1st PC Layer 2,2nd PC Layer 2,1st PC Layer 3,2nd PC Layer 3,1st PC Layer 4,2nd PC Layer 4,1st PC Layer 5,2nd PC Layer 5,1st PC Layer 6,2nd PC Layer 6,1st PC Layer 7,2nd PC Layer 7,1st PC Layer 8,2nd PC Layer 8,1st PC Layer 9,2nd PC Layer 9,1st PC Layer 10,2nd PC Layer 10,1st PC Layer 11,2nd PC Layer 11,1st PC Layer 12,2nd PC Layer 12,1st PC Layer 13,2nd PC Layer 13,1st PC Layer 14,2nd PC Layer 14,1st PC Layer 15,2nd PC Layer 15,1st PC Layer 16,2nd PC Layer 16,1st PC Layer 17,2nd PC Layer 17,1st PC Layer 18,2nd PC Layer 18,1st PC Layer 19,2nd PC Layer 19,1st PC Layer 20,2nd PC Layer 20,1st PC Layer 21,2nd PC Layer 21,1st PC Layer 22,2nd PC Layer 22,1st PC Layer 23,2nd PC Layer 23,1st PC Layer 24,2nd PC Layer 24,1st PC Layer 25,2nd PC Layer 25
0,f10o01,10,1,1454.87986233,-3433.61748994,1454.87986233,-3433.61748994,1454.87986233,-3433.61748994,2143.64506815,-5134.7942635,2143.64504529,-5134.79427765,16.7472269163,-40.1155802941,-27.0346977342,-38.5076957267,-26.6505297808,-56.0872054152,12.7473679279,-70.352893032,-119.969783228,-0.930971444557,-79.2984169028,-96.5849008617,-191.607547362,-211.012361914,119.348757576,171.278100171,144.866672063,-83.7507554227,124.249962797,120.621635541,85.8128274441,101.694866295,83.9632311005,79.2491032125,73.5107423123,74.4200313563,111.290815665,40.2259798432,101.487497271,-20.1295611458,36.9058304686,29.8837735253,-46.2872962331,33.116910241,25.0175488731,18.7655921202,31.0368665231,60.9728298686,3.92524608006,3.98370285355,-0.41764993061,-0.0463090086578
1,f10o11,10,11,2954.01280029,-4668.86386761,2954.01280029,-4668.86386761,2954.01280029,-4668.86386761,4384.35719007,-6980.13910213,4384.35715314,-6980.13912617,34.252790259,-54.5323369232,-35.6602671685,-50.5994847276,-25.955916052,-62.1625062774,7.92814231233,-83.8945004548,-116.463997845,-3.5801350231,-72.7751582342,-88.7265403666,-176.678936383,-193.889108858,109.265300784,153.779848278,136.585051658,-83.1206475782,113.347612812,100.275805873,84.4980467494,97.0198241673,80.0139111257,88.9736593207,69.1049411051,80.4651206747,114.139431563,27.2428110444,102.891383532,-6.55278811891,39.6633475911,25.6027776789,-50.3106702818,30.0062233828,31.867802406,22.610259427,58.5695974591,97.8696774593,6.57751707832,7.43005687078,-0.421725264791,-0.044003227119
2,f10o21,10,21,4465.26721232,-4440.95804971,4465.26721232,-4440.95804971,4465.26721232,-4440.95804971,6653.50519591,-6637.60916248,6653.50515628,-6637.60919821,51.9805090335,-51.856321861,-43.4001125781,-56.9265565,-20.1012937756,-64.7171375602,-1.96352031893,-92.7845957301,-110.645113905,-8.84931056942,-60.4688067645,-82.3013722843,-145.922203988,-178.782018862,89.651403206,139.138992946,118.998132584,-89.1833822755,87.2449587973,78.8681468489,66.0604504082,87.4167350328,61.3041269034,94.0318001094,52.391598695,80.8917540295,110.674499011,9.77476859087,102.022801124,5.3523568255,41.4208968775,20.1368304216,-52.9540175608,25.7451104431,35.0637824174,21.6093532393,74.7702684693,101.272732342,7.69560689719,8.24291934126,-0.418695127845,-0.0477082138347
3,f10o31,10,31,5577.85474363,-2678.64401326,5577.85474363,-2678.64401326,5577.85474363,-2678.64401326,8328.19240513,-4001.72803078,8328.19238279,-4001.72807588,65.0640029906,-31.2635005927,-50.8369749376,-57.3471729088,-12.075244582,-66.24707199,-14.4622830261,-100.220991709,-104.998157804,-16.3998490419,-44.8667218253,-79.605886809,-106.273995182,-172.815788267,63.6038073991,132.103164654,96.6889710779,-99.5343642524,52.1766304248,65.8930253538,37.0598518805,83.8938736701,32.5531808595,99.6292958243,28.6802121361,79.5448798266,99.113427523,-11.443724399,90.3305822585,21.7629448226,39.1546405856,9.3852885992,-51.3987010198,14.8276695364,37.6570521511,14.6886528262,89.6045405442,88.8147251084,8.2193266445,6.66892241043,-0.414163761871,-0.0449581291008
4,f10o41,10,41,5981.41684403,19.5478862891,5981.41684403,19.5478862891,5981.41684403,19.5478862891,8935.03993985,33.3974203353,8935.03993785,33.3973739244,69.8049995145,0.260916983858,-57.7701375673,-52.8774200438,-3.43764701381,-67.6897928399,-28.0087164306,-106.299859045,-100.863201291,-25.5800193134,-27.6152903621,-80.9854774728,-61.7320073234,-177.404592608,34.6041674125,133.024990019,71.5282963649,-112.915329956,11.8170669986,65.4491661283,4.83593753241,86.1096626731,-1.79471499712,105.632868866,0.705318177909,80.7984987555,84.0724352932,-33.3257823021,71.5568662318,36.3895909087,34.1122232656,-1.85451937453,-43.7933638956,2.57011827457,35.0171985754,4.77476709405,92.4535051587,52.2906836914,8.18800071971,3.1839390898,-0.312298161345,-0.0268218125726
5,f10o51,10,51,5564.76223993,2712.41157294,5564.76223993,2712.41157294,5564.76223993,2712.41157294,8304.78489701,4059.96918867,8304.78492078,4059.96914432,64.8811321936,31.7185089401,-62.946790475,-45.5099744175,5.28803809458,-68.6839377433,-41.0321071845,-107.70071363,-99.6362589189,-35.2080710174,-11.5824561531,-86.8695130237,-21.1959453043,-194.560970249,9.32586024557,142.908580562,50.8028981354,-129.100724858,-23.3422700873,77.9287706915,-20.2282646313,92.0083910932,-29.181422231,108.769749807,-21.9590982915,83.6473081437,74.1582802715,-53.0484618892,57.326166601,54.085372109,35.1976900605,-12.528820992,-44.8398578228,-7.16109480529,37.5700578664,-3.36464349162,113.071821481,14.5448857296,10.1809361926,-0.623708368025,-0.376184931294,0.0299842138376
6,f10o61,10,61,4442.02074091,4466.14906497,4442.02074091,4466.14906497,4442.02074091,4466.14906497,6612.3655407,6682.08369759,6612.36558239,6682.08366236,51.6591061124,52.2037786122,-64.0963596833,-36.9412155228,13.5029310266,-68.4961058821,-51.9277732188,-102.03293596,-101.284972849,-44.0262988967,1.24852251578,-96.7940564824,9.86171798082,-222.475855967,-9.57321137076,160.70793484,37.1884354561,-146.857049997,-49.2494391733,101.462824047,-37.2205197493,102.41482843,-47.4997077758,109.779291391,-36.7621342791,86.8281625341,68.1474340366,-64.6848657623,50.5585515723,60.3569867122,35.0454896067,-15.0544839521,-44.9795208002,-10.9118532899,38.8246986062,-7.16781413772,114.033172706,0.160049176477,10.2544879963,-2.06591141701,-0.421164288049,0.10336732127
7,f10o71,10,71,2927.73839663,4684.26453508,2927.73839663,4684.26453508,2927.73839663,4684.26453508,4338.26592488,7007.58939781,4338.26595826,7007.58937146,33.8927027988,54.7467919646,-58.5345034328,-28.2480393498,20.2282527456,-66.4934549488,-59.5872481464,-90.4831084201,-104.210259697,-50.985939106,10.7705556353,-108.638226222,30.9948427586,-254.743650002,-21.3524727643,182.888987187,30.638197746,-162.242584478,-63.2770420972,131.041273002,-44.3821825273,113.887981316,-56.0490534618,108.870397004,-43.3694559573,87.9263372532,61.4417846604,-72.7194967427,41.527449477,64.0578654817,34.0799411678,-16.2737039854,-44.6570322679,-10.9505781749,37.3923817563,-7.8774489595,119.037657555,-3.89648799756,11.0360078297,-2.72711841913,-0.430736184727,0.238592317277
8,f10o81,10,81,1435.94091256,3439.59750912,1435.94091256,3439.59750912,1435.94091256,3439.59750912,2110.08448358,5145.87091755,2110.08451025,5145.87090373,16.4850352363,40.2021164354,-45.7226898084,-19.9268434152,24.0419031006,-61.0593302894,-61.4638079778,-72.8656472701,-106.507009141,-54.5391522873,16.3011485285,-119.074836509,40.3220430979,-280.179678591,-24.3398180602,203.554762085,31.9366498406,-171.064981822,-60.7816644637,157.753104857,-39.6869524744,123.266346942,-52.0244208408,104.431105822,-40.5603684575,86.2709887881,58.0490599253,-69.3972521301,39.7048457575,57.9402503555,32.1828585274,-12.1628147959,-43.4627656711,-6.51870108132,33.2289878063,-5.80098127559,109.877966178,-8.95692922478,10.4750276579,-3.31389110774,-0.457249083325,0.5541657405
9,f20o01,20,1,594.01978147,-3350.3609693,594.01978147,-3350.3609693,594.01978147,-3350.3609693,828.985165198,-4961.37290047,828.985137017,-4961.37290691,6.47644638299,-38.7607258353,-16.5751757512,-42.2370376053,-40.2999906169,-49.5211007033,41.1029567225,-69.1817426112,-111.015484561,17.2484775281,-92.6167195908,-81.8420406548,-227.267071186,-176.157272053,140.84669136,140.80060541,161.792609813,-62.2277262288,153.432473157,109.283002686,97.5724181509,75.0640580557,99.6726429438,61.2398475449,89.0995299095,59.6794105612,98.9965026755,55.1214706444,88.3732975651,-34.4024031919,29.9019686533,33.9325299492,-37.6443596298,36.486396138,17.7792676813,27.0302259838,12.9940108186,82.6393708329,1.67554653906,7.4814220349,-0.408447286553,-0.0485339091492
10,f20o11,20,11,1768.81162562,-4838.6816252,1768.81162562,-4838.6816252,1768.81162562,-4838.6816252,2562.80468686,-7162.58811677,2562.80464602,-7162.58812894,20.0219112971,-55.9577197573,-23.273138252,-56.0160134152,-38.7552651154,-55.0980603394,36.9446611819,-80.3452602991,-102.258572563,14.9986779293,-83.4463086531,-66.8726415331,-203.33891971,-140.625788412,125.828002732,110.349547093,144.059952723,-52.5223745645,134.514478435,74.7836663954,93.2811301542,61.8459776511,93.9472082446,66.9541106912,82.1630566493,64.1396644625,102.272538761,41.0644090765,90.2669061804,-22.8597713697,31.8728350269,29.5214234423,-41.4797134077,33.2733780948,23.0419936129,31.2191114949,35.9832744615,88.957452647,3.95975340328,8.33617724942,-0.343818121659,-0.042791303525
11,f20o21,20,21,3106.64977552,-4658.25457555,3106.64977552,-4658.25457555,3106.64977552,-4658.25457555,4555.12803325,-6894.23528926,4555.12799056,-6894.23531667,35.5869374263,-53.8612134114,-30.5172038749,-60.6279291884,-29.1980178385,-56.0091418251,21.7719957324,-84.1883524978,-90.511622644,7.2448113339,-66.0581955163,-55.4086175598,-159.86349846,-112.730869782,97.6579277118,87.0243940021,115.29234683,-52.8047891306,97.0144293772,40.2299941929,68.4398306102,50.6661047192,69.8368001835,70.1724106393,60.2691160571,62.9848003873,97.1140691511,17.2736981376,84.6623153837,-3.07358294119,32.272993622,19.7934679811,-42.1360475666,25.4174026841,25.7908079334,26.6941163215,47.1461250871,71.6257718797,5.0531778987,6.90869290092,-0.305790993254,-0.0393767118349
12,f20o31,20,31,4146.79038852,-2820.72196874,4146.79038852,-2820.72196874,4146.79038852,-2820.72196874,6109.99237127,-4173.71915919,6109.9923441,-4173.7191942,47.7343151883,-32.6071812046,-39.3391846558,-56.8231157108,-17.0831886923,-56.4565069428,1.78100749264,-87.655179913,-80.3257023259,-4.31598468468,-44.1266096327,-50.1818254539,-104.196606069,-99.9501636502,60.5195279402,75.3004456838,80.656932564,-60.6417872513,49.6691474439,19.679021342,33.5634062823,46.6568081016,34.9760253125,76.3306144445,31.7953321482,62.084343014,85.3232099794,-9.3030067405,73.0968740475,16.0255223021,29.6364488096,9.53026304761,-38.5378479073,14.1443711676,26.7991506069,18.188944784,64.8109255066,62.5416650198,5.91799821515,5.96091051177,0.0934202535931,-0.0106010151584
13,f20o41,20,41,4533.1089573,13.7221817901,4533.1089573,13.7221817901,4533.1089573,13.7221817901,6687.29590039,22.8739973432,6687.29590371,22.8739628873,52.2444992478,0.17870283511,-49.4083362674,-47.3537222733,-3.65114663087,-57.4396746608,-21.5932635723,-89.7432292032,-73.377946392,-18.6836413282,-19.7169209642,-51.4062659861,-41.8056376155,-104.568874561,19.4862678057,76.015221468,44.4066569975,-76.1100983087,-3.16363211423,17.7676748592,-4.3707520085,49.8632031344,-7.92499795018,83.5604290539,-2.51289008838,64.9533459965,68.5320933535,-39.150037214,51.9531524401,39.1633209956,26.2537279872,-4.07160214999,-31.8417188658,-1.96018268798,25.7993766335,3.90821169867,74.2125617852,29.5125813929,5.79968398189,3.10681322458,-0.143987240127,-0.0232653949628
14,f20o51,20,51,4129.82833667,2844.43618815,4129.82833667,2844.43618815,4129.82833667,2844.43618815,6081.32964893,4213.99321829,6081.32967669,4213.99318572,47.5103880991,32.9218217635,-58.8437614558,-35.5036260354,10.3402600916,-59.0596840283,-46.0143307393,-89.2216101049,-71.2719441184,-34.0962528234,2.84917604592,-59.4852093526,14.8901681166,-127.401154562,-16.4041201177,89.0330944396,14.9750419614,-95.5661873417,-47.8157076297,32.7634151246,-33.1992902532,56.5998130839,-40.8688847257,85.2160337617,-31.3737604768,69.1003845882,57.0289843499,-65.3664997347,36.3347137986,60.055686926,26.848834093,-17.0728013273,-34.186340268,-15.2621398467,31.9376300846,-7.37097168899,99.7881116002,-7.6036138679,8.4097956631,-0.907755648801,-0.353862199386,-0.00814707481656
15,f20o61,20,61,3079.19713548,4673.27966212,3079.19713548,4673.27966212,3079.19713548,4673.27966212,4508.07379718,6920.774765,4508.07383727,6920.77474263,35.2193268536,54.0685526768,-64.764025598,-24.0909767303,23.2847506303,-60.8284364259,-67.2234992692,-85.839774018,-74.2998309285,-48.3946675202,20.5842405813,-74.0018083902,57.5379349074,-166.621771379,-42.8218950115,113.820950329,-1.69185836348,-120.937905307,-78.7808532608,63.6962353295,-54.3849986979,68.7676283959,-63.6315367387,86.1670827735,-50.1190935177,72.985301634,49.1126013789,-82.2935683601,24.0431640484,70.9092027808,26.6304463624,-22.6230988712,-36.5810422631,-21.4427938351,35.5601785713,-10.7316621909,106.703806086,-25.496538399,9.35150781461,-2.43472647729,-0.389421916754,0.0119575167408
16,f20o71,20,71,1740.15262447,4846.65307779,1740.15262447,4846.65307779,1740.15262447,4846.65307779,2512.96421642,7176.67379057,2512.96424819,7176.6737746,19.6325331889,56.0677638641,-62.9546137547,-14.8813370944,33.6322612154,-61.2879410246,-82.2487884563,-78.9606649615,-81.5486050028,-60.2031645803,32.7888925455,-92.8915205867,83.8563416728,-216.507205283,-58.0351910483,146.804164914,-4.88871119028,-148.663506437,-91.8844821539,105.80955166,-63.7496910611,83.2863219565,-74.6839242871,89.0734343128,-58.9709112635,75.5008379567,40.1958205809,-90.6866251356,14.1378581657,74.1077817273,26.4197959582,-23.9620588947,-36.9584905802,-21.6205846894,33.4418342103,-11.2118834778,107.612107024,-23.4948486581,9.26116337143,-2.67286406814,-0.415058056907,0.04627096631
17,f20o81,20,81,574.060479402,3351.36149565,574.060479402,3351.36149565,574.060479402,3351.36149565,794.018351476,4963.16752295,794.018370285,4963.16751678,6.2032685178,38.7747462249,-49.0600340308,-8.47616949571,38.8193381822,-56.6791843286,-85.3681520795,-64.9142789943,-88.6010636428,-66.2304945544,38.36780149,-111.126940622,91.7539537709,-263.839063412,-59.8635304722,180.551086456,2.77610135689,-170.005759923,-85.5169687508,149.535143586,-57.5780117193,96.7109561856,-69.114361366,87.7664008637,-55.0704945824,78.0088573695,38.7385825113,-84.9443497816,14.9505991656,67.5252940745,25.4539990992,-19.7977869443,-36.393882841,-16.0804451141,30.0166330784,-9.31195673699,96.3090672056,-12.4746406425,8.74451372036,-2.55476103449,-0.412678765366,0.124422165888
18,f30o01,30,1,-630.729067541,-1906.04235044,-630.729067541,-1906.04235044,-630.729067541,-1906.04235044,-990.501306153,-2775.59691914,-990.501322865,-2775.59691885,-7.73829158486,-21.6843509285,-0.383299533846,-37.9684841708,-52.1285051295,-39.3386388645,64.96733537,-60.9089685193,-99.0025539335,36.8827603626,-104.679816006,-65.854115006,-258.237127395,-141.192286243,163.041641044,109.18793208,175.620126532,-35.3086367237,179.11357372,97.8743013819,106.185105557,49.0923283582,111.163789492,38.6026972643,99.1241710329,36.0565746975,71.7763054122,74.761350325,58.9948005145,-48.9007463207,14.3402256937,32.3003108069,-17.6114806881,32.212616804,-0.605425574784,29.1236955777,-24.2882153898,64.8347468896,-2.4592052142,5.84047619142,-0.347078219306,-0.0524962022796
19,f30o11,30,11,-329.311287993,-2872.81286796,-329.311287993,-2872.81286796,-329.311287993,-2872.81286796,-564.853525548,-4182.30711815,-564.853547945,-4182.30711919,-4.41291834329,-32.6742743686,-1.58982105408,-48.1680373712,-49.0422941383,-42.3076811584,60.6620353422,-66.2062396169,-83.7789054515,34.2094541005,-92.447040161,-43.9688237516,-224.511489674,-88.0063114102,141.245061535,65.5257392893,147.046710627,-18.1250995189,150.293314168,50.2015469297,97.4752475602,29.5205247821,101.497501247,37.4160745976,87.7259208998,34.428509838,67.9303706503,58.4145335145,51.8392132286,-36.1327979349,13.8057157494,24.8325794758,-20.2381817239,26.3486532851,4.62768165208,28.3950742943,-9.26509946198,55.3217646136,-0.831258415857,5.21162548806,0.177754371712,-0.0118047224888
20,f30o21,30,21,279.570496783,-2789.35637293,279.570496783,-2789.35637293,279.570496783,-2789.35637293,328.884382595,-4062.24987819,328.8843568,-4062.24987645,2.56940903753,-31.7363271598,-5.94705328093,-48.1147889894,-36.3411073602,-40.9486349311,41.7604384641,-65.1355306704,-65.6886691646,24.2933591599,-70.4565990494,-26.9795884483,-168.655297426,-47.1073538581,104.118837387,33.1216326678,104.120939653,-10.7105129824,101.475707141,1.87019065461,67.4807310955,16.699489874,73.8235944385,37.0298317136,62.7649698885,32.5599555024,61.7632969433,31.4994016408,47.0204959628,-16.1254817848,13.1435055956,16.0168578572,-18.2367768136,19.215107445,7.64389421134,21.6063321329,2.49715812841,38.7742827506,0.0782616280688,3.15020450175,0.400813593078,0.00715700641238
21,f30o31,30,31,815.069784062,-1694.8702867,815.069784062,-1694.8702867,815.069784062,-1694.8702867,1121.08605018,-2470.35503245,1121.08603133,-2470.35503405,8.75848461977,-19.2996487035,-14.111269464,-39.2778098089,-20.8339519084,-39.9649744036,16.7776381697,-63.936979398,-50.419355795,8.93540042499,-42.2721763766,-18.6840603729,-97.8443660662,-26.4394073692,55.6847087819,16.3080457142,54.7076709396,-12.0302083711,42.7338769011,-25.7460969642,29.3889621596,13.1144356936,34.5852528152,40.3540646745,31.3484404312,33.0859545901,54.8256883504,-0.778329259071,39.6616481093,7.64115267116,13.8052172478,3.47666218504,-18.8290313502,2.70280708214,14.9936668585,6.69952120253,38.7149123537,14.100764448,3.24094114734,2.07668185501,0.271751923671,-0.000152903680795
22,f30o41,30,41,1019.63542703,5.01076060718,1019.63542703,5.01076060718,1019.63542703,5.01076060718,1424.637947,6.52317356588,1424.6379409,6.52316651843,11.1299839133,0.0509622384333,-25.1411408901,-25.9510631653,-3.53745638129,-40.2086608627,-13.0789713752,-61.8225186299,-40.8542673188,-10.5364188269,-10.5759611942,-19.7553397107,-18.5230706806,-29.785980931,2.54165851117,16.4005649119,7.22826708333,-24.6562433774,-18.4618772201,-29.167801411,-11.190582097,16.0018047311,-11.3900823325,46.845858206,-4.8197743268,37.3200445287,42.7351243693,-34.9964311621,26.8554342573,33.4374898134,15.0493808031,-8.25854980557,-18.2704236543,-9.92481006781,19.2671251012,-4.50163134488,55.6920096581,-5.58103926627,4.37836699506,0.463876153589,-0.0621431225535,-0.0176703997267
23,f30o51,30,51,804.5406371,1701.49212445,804.5406371,1701.49212445,804.5406371,1701.49212445,1104.80181232,2479.05963489,1104.8018292,2479.05963653,8.63126429063,19.3676534104,-37.3795481361,-12.0570542688,14.5061521726,-42.2607894963,-44.8862396439,-59.4117349242,-38.3016250836,-31.5382368613,18.1077854725,-30.3164958979,52.3331227204,-58.8021135711,-43.4675138123,33.0593982222,-28.4459511039,-48.2209993192,-70.3190006918,-11.973399078,-43.3771385555,23.7686227085,-49.1960428338,50.3604626815,-38.0519367675,43.7865595796,32.4681592003,-64.2647700861,11.5106379909,55.4922874176,15.7697211832,-20.4380593276,-23.0948415317,-22.6335909986,25.6431169502,-13.2512165209,86.2146063166,-34.7338449739,7.05480984618,-2.10109620083,-0.310794279465,-0.0235303164622
24,f30o61,30,61,260.313634954,2789.90751563,260.313634954,2789.90751563,260.313634954,2789.90751563,297.986068812,4063.29022911,297.986096282,4063.29023537,2.32801637718,31.7444549638,-47.8671749731,-0.376659994644,31.3580810617,-45.6401548558,-73.533478667,-57.4478646185,-42.794465414,-51.1768043611,40.3277447026,-49.517936335,105.104528925,-109.897315119,-77.0595443449,65.1303357815,-45.8126848323,-83.1513559395,-104.048784807,25.7527675638,-66.0791523213,38.7346999638,-75.0610570938,55.4143207181,-60.4780567286,50.1991468425,26.0617324389,-84.5999601431,-0.298914763999,69.8071008155,17.5715225343,-27.4000395905,-28.0168522426,-29.1208036063,30.2445916674,-13.9647013516,98.8275302153,-45.9454592412,8.48724640084,-3.33498502714,-0.363412200379,-0.0136555729161
25,f30o71,30,71,-349.896974701,2874.86776581,-349.896974701,2874.86776581,-349.896974701,2874.86776581,-599.450167693,4184.71021334,-599.450149609,4184.71022305,-4.68320429385,32.6930486176,-52.2840323669,6.83946562233,45.0744859853,-49.0307050619,-94.6088869572,-55.9826744289,-53.6837128224,-67.4479315985,55.2923184945,-74.6969832082,136.509014641,-173.561764823,-96.2734044943,107.692300517,-44.2843027219,-124.958515033,-116.540621863,79.1537709433,-77.6097928858,54.6653802702,-88.2444876674,60.4041428454,-70.3190857004,52.9607520256,14.8769646096,-92.2187588493,-11.4336009729,70.7228793887,17.2734613114,-28.4300078364,-27.3885434752,-30.1416951061,27.1468034656,-14.319279375,95.357970822,-50.4484800833,8.35357208345,-3.74336599294,-0.402402104146,0.00873332700723
26,f30o81,30,81,-646.080802606,1903.2927685,-646.080802606,1903.2927685,-646.080802606,1903.2927685,-1017.02875182,2769.55380476,-1017.02874759,2769.55381428,-7.9455370906,21.637139174,-43.5893764686,7.90983482443,51.9610302272,-47.8579892096,-101.613160442,-49.7265428169,-67.0838632839,-77.0901574825,60.904789499,-101.14286166,142.558521892,-242.534944457,-96.9489980482,154.840476265,-28.8744104213,-160.875759837,-107.226485372,137.395349438,-70.8468187042,69.5969870576,-80.9162066843,61.3731558674,-63.9409892493,56.8938785419,13.3149071229,-84.3505566777,-9.53240808364,64.8227435044,17.8558266413,-23.6003915697,-28.4657971716,-22.7263172979,26.3915345402,-11.8890531718,93.5555701178,-39.0518573646,8.47057613068,-3.53549604695,-0.409810059124,0.0245306910129
27,f40o01,40,1,-1161.98709006,-791.363258477,-1161.98709006,-791.363258477,-1161.98709006,-791.363258477,-1749.70160657,-1121.80056078,-1749.70161462,-1121.80055059,-13.6695438642,-8.76406680154,14.4883305601,-34.1490059459,-64.3686019489,-27.4766333119,90.070472554,-50.9904804662,-86.4750366122,55.9522409921,-115.176463416,-51.370608749,-284.542581815,-109.79877264,181.943717709,78.8058862353,187.79075049,-13.4234224972,197.723187501,88.5468060284,109.578607165,24.0833970153,111.739350778,12.0942194707,98.8670723599,8.09264986783,40.914655214,89.8901876268,40.5166272537,-60.0646506783,4.92310321256,33.3710057591,-5.93560378023,34.3354391655,-9.29077671583,30.1835230632,-43.5958063502,59.1299247833,-4.56722161619,4.72400263615,-0.073429960897,-0.0301703740814
28,f40o11,40,11,-1318.46967014,-1223.40770965,-1318.46967014,-1223.40770965,-1318.46967014,-1223.40770965,-1991.13082966,-1735.0633298,-1991.13083595,-1735.06331893,-15.5557096559,-13.5551821792,17.3862356598,-40.4090372818,-59.4966337881,-27.0902278645,84.4537344014,-50.0622590198,-63.5671928584,54.1952051919,-100.486926757,-20.5232873486,-241.466638975,-36.0596533193,154.927951103,21.7285874682,146.661114192,17.9334963682,161.883510786,24.8041185771,99.4641866375,2.67716620129,101.216517962,8.86384280917,83.7412354474,6.68773474095,35.7598786223,67.1002805536,27.4886445128,-43.8977878253,1.18799147226,22.061979459,-2.92171875108,23.8959608586,-6.98128809241,24.050500191,-34.0455350262,40.5138279315,-3.26345398015,3.19417411332,0.348147583957,0.00144094653411
29,f40o21,40,21,-1163.15497365,-1195.67348761,-1163.15497365,-1195.67348761,-1163.15497365,-1195.67348761,-1767.84387242,-1699.7047119,-1767.84388534,-1699.70469863,-13.8112803542,-13.278942958,14.4394129747,-35.9802402901,-43.6841113005,-23.203898544,61.7609422053,-45.0000500059,-38.7660166176,42.3016661159,-74.0493900842,2.73193322576,-173.47145464,19.4950136376,109.224069627,-19.5815180336,88.5848221371,34.8425987445,104.973087654,-34.7739383817,66.5537216065,-12.1484121468,70.7841324795,3.53647532959,57.6462145161,1.41383952346,26.7882724026,40.9309632175,21.043462144,-25.3617194276,-0.782757446031,13.2127529641,-0.51927356472,14.9761521377,-4.87904245112,14.5852449609,-20.5605710431,20.9036559214,-2.09295901756,1.94005267528,0.519669684883,0.0150311256857
30,f40o31,40,31,-972.107155601,-730.48516967,-972.107155601,-730.48516967,-972.107155601,-730.48516967,-1487.54704924,-1042.12116221,-1487.54705893,-1042.1211527,-11.6214613979,-8.14157150551,6.45455703011,-23.462683345,-24.6554959443,-20.6364142902,31.478332508,-40.8295187683,-18.3681460321,23.1264093286,-39.7669684663,14.4888364523,-88.4804343059,48.3191899556,50.2775216956,-41.4794842179,24.8415580905,39.7677145356,36.1145501266,-67.1993571023,25.0638303433,-16.8558186377,29.9579372463,0.932236258319,26.3946187919,-0.182478369627,19.2123997425,8.52122337968,14.2682386322,-2.47845781766,-0.340977644028,0.257458282532,0.5887441119,-0.842302435574,1.88581423582,-1.30962882244,3.55888046802,-7.28062968948,0.25020237313,0.238277939845,0.453697737149,0.01064584465
31,f40o41,40,41,-895.334773081,-0.0056662378578,-895.334773081,-0.0056662378578,-895.334773081,-0.0056662378578,-1373.6710062,-2.24813257409,-1373.67101339,-2.2481231894,-10.7318047921,-0.0175634624349,-5.17919953158,-7.95360297674,-3.22751949418,-20.045727439,-4.73377338972,-36.647978996,-6.32203042478,-1.89507541375,-0.969711988635,12.9801423033,5.53281527658,44.8442680301,-13.3092228692,-41.4000865044,-29.8737910909,26.9594226007,-32.0526331266,-70.3972940171,-16.5015005622,-15.6859986486,-14.1065488114,5.07020687108,-7.86796767522,5.56059935567,12.1674283714,-22.9992416395,4.95551036115,20.8859199913,3.24958869447,-10.2202991272,-4.70017232877,-11.6173484965,9.84470328147,-7.30277128843,31.4999619644,-19.9757385311,2.29744050249,-0.398711689134,0.379919858721,0.00622087265669
32,f40o51,40,51,-978.031022127,727.311115306,-978.031022127,727.311115306,-978.031022127,727.311115306,-1494.76780337,1034.41401918,-1494.76780414,1034.41403155,-11.6778734698,8.08135962144,-18.8988010994,6.80156993081,18.9202605698,-22.277159273,-43.0078989951,-34.74355282,-3.28361917113,-28.6827270858,33.80120578,-0.455782588729,89.4496074078,9.92581302212,-68.8122952368,-21.136834606,-69.0659754384,-1.20123544064,-87.76850695,-50.5339163519,-50.6951472267,-7.44643051855,-52.5223782756,9.67727456699,-42.2097160055,12.3519292941,2.61354079371,-51.0397915636,-8.89135455554,41.4081856749,4.71991710228,-21.3405836923,-10.5402548717,-23.9547392243,16.2661703839,-14.3271156451,59.2518995669,-42.4437697757,4.82334908924,-2.00502886095,-0.163341750543,-0.0230042957883
33,f40o61,40,61,-1171.01959379,1190.54809639,-1171.01959379,1190.54809639,-1171.01959379,1190.54809639,-1778.09070087,1691.2327306,-1778.09069054,1691.23274397,-13.8913335199,13.2127558123,-32.441776568,18.3370196643,39.8991343744,-27.4335474975,-77.9707342486,-35.811833771,-9.16940833081,-54.4307840894,60.7448622607,-24.6515370582,152.31251177,-52.0919047514,-110.17303671,17.0805113067,-88.9872130931,-44.1141236336,-126.260619791,-8.28932694061,-75.5877023482,9.3944019877,-79.3688975718,17.6177334948,-66.2068069246,19.4798029979,-3.59931444862,-71.3174786219,-21.0254717163,54.7391702905,5.65979902359,-28.6053486005,-13.2414887909,-31.8289380633,18.9379620148,-18.1838848255,74.93338957,-63.5655525469,6.38902496955,-3.90337057383,-0.280978583714,-0.0151629153627
34,f40o71,40,71,-1327.81529584,1220.33383725,-1327.81529584,1220.33383725,-1327.81529584,1220.33383725,-2005.36516562,1729.35156216,-2005.36515563,1729.35157461,-15.6669152783,13.5105591767,-41.7455553049,24.6863143925,57.4442429566,-33.5747362773,-104.016713908,-37.5105351264,-23.8865711665,-75.4904128046,78.4180585144,-56.6562131195,189.059167822,-132.169436693,-133.953239142,69.419397693,-85.5768188908,-97.2385592002,-139.855863855,53.8334939474,-89.1881052083,28.2060622247,-95.2435576364,25.8841023291,-80.0430110927,22.3015687977,-16.7192171112,-80.6794556327,-32.960769755,57.2177721024,7.48206699555,-29.4339930194,-13.3848925461,-34.4488962798,15.9167123148,-17.2302231696,56.1351933629,-62.5936655366,5.13624339353,-3.85759221385,-0.368718702628,-0.0335357277804
35,f40o81,40,81,-1166.77610085,788.434052532,-1166.77610085,788.434052532,-1166.77610085,788.434052532,-1758.7984465,1114.53612932,-1758.79844613,1114.53613342,-13.7406128604,8.70731354231,-38.8176110119,22.466402648,66.7224193409,-36.8087550641,-115.52251895,-37.1428486233,-44.0594151674,-88.7354285654,83.3125150225,-90.7851645683,191.321332877,-220.475130796,-133.006536251,128.642562986,-62.6555524688,-146.43411468,-127.275885834,125.990878697,-80.8800893442,46.1494554826,-86.9061360019,31.5153968285,-72.4222185139,28.8403468687,-17.1543326808,-71.8088442512,-31.0876945344,52.1031991369,8.74128542491,-23.7381399128,-17.402501546,-25.1612740539,16.0143000117,-11.6560510451,50.297156127,-46.2711927962,4.55871718219,-3.0056448602,-0.377863018112,-0.0383896533564
36,f50o01,50,1,-1209.37050135,-264.830983083,-1209.37050135,-264.830983083,-1209.37050135,-264.830983083,-1790.61463267,-360.137895793,-1790.61463669,-360.137888265,-13.9891768491,-2.81357725209,29.0170357145,-32.4806198666,-77.4090624361,-14.0659678872,116.86721263,-39.7814585375,-73.5076972201,76.6531999165,-125.257966626,-36.9368832018,-309.805908676,-80.1497954742,200.620347325,51.0474964474,197.381790831,9.69382531871,212.698465531,79.9467510234,113.085383983,6.50227312064,110.230745672,-5.57114632702,95.652532128,-8.91254839466,23.2426980545,94.3846952753,28.8631888734,-64.7440530461,-0.35238714042,34.1557505278,-0.0958669592544,37.1281617378,-14.817654148,30.5919001094,-50.8522998499,58.6119344995,-5.49564696878,4.38205503461,0.255915815775,-0.00391801260892
37,f50o11,50,11,-1442.19227385,-417.660925795,-1442.19227385,-417.660925795,-1442.19227385,-417.660925795,-2129.48808317,-569.098507002,-2129.48808269,-569.098492363,-16.636625646,-4.44608197161,34.668455032,-35.6826583263,-70.0340179633,-10.3490027137,109.143358473,-32.8175600037,-42.3285429522,75.2118131801,-107.973249192,2.86096584301,-256.943132151,15.3694151735,167.401450172,-18.8268402679,143.482788243,53.1072894219,169.136924555,0.752470272776,100.893224413,-18.4302593025,98.0880103643,-13.6236544358,78.418911855,-14.1832383643,13.4678140463,70.7648707838,15.4357956356,-51.6511306819,-6.17559588077,23.5514599195,6.69970818447,25.1261573864,-14.9678753444,22.2814883017,-46.8976169468,37.321487678,-4.24335588149,3.09797951378,0.376438780916,0.00434852731621
38,f50o21,50,21,-1432.17747604,-410.181145735,-1432.17747604,-410.181145735,-1432.17747604,-410.181145735,-2115.14041975,-562.73604793,-2115.14042334,-562.73603204,-16.5245345574,-4.39637525033,32.0645856546,-27.1950714489,-50.8417645007,-4.00451293102,82.257149631,-22.4025571235,-10.0824283871,60.9559103861,-76.7249207616,32.4272052913,-175.671107907,85.5970232022,113.660629624,-67.9689041545,73.6672151568,77.2541641627,107.606877192,-68.6270424721,65.7112915727,-35.4520369924,64.1772326592,-25.1915807246,50.1177889984,-26.4316088071,-3.77348564022,45.9484229608,2.44052147591,-33.8038200382,-10.7827524446,13.5649369298,12.9996201656,14.823841448,-15.3518673378,10.732410197,-45.2536464662,16.2059633617,-3.88853573848,1.41702391478,0.490677985624,0.0131526084853
39,f50o31,50,31,-1381.60819219,-253.011348116,-1381.60819219,-253.011348116,-1381.60819219,-253.011348116,-2041.27622049,-350.543576267,-2041.2762221,-350.543564455,-15.9474704851,-2.73862159733,23.4720745918,-11.3307121872,-28.2700306235,-0.020774733258,47.1362460903,-13.8281109748,15.3565869822,37.970238894,-36.9325978535,47.5364962873,-78.2558026702,121.959035181,46.4666325284,-93.0184019646,2.67492558539,82.2779456196,34.8117560942,-103.750471099,23.6151138306,-42.2269234688,25.6016256292,-33.0756753139,20.8428691853,-30.8639862472,-17.2610785438,18.8249150319,-10.1576247575,-15.3397608483,-14.9389336848,0.840090847365,20.1869057127,0.117952679236,-12.3379708314,-6.3303350067,-35.6129032081,-10.0837265647,-2.85922452353,-0.711989105612,0.460700170312,0.0110979605244
40,f50o41,50,41,-1358.32615769,-2.59788949799,-1358.32615769,-2.59788949799,-1358.32615769,-2.59788949799,-2006.28676477,-5.95097646558,-2006.28676877,-5.95096891641,-15.674115381,-0.0464919446773,10.7659908709,6.29420870227,-2.79930102193,1.41772224118,4.15471225461,-6.16148297998,29.9621940948,7.43467685461,8.66421168614,46.0579326481,29.9237051485,119.665367596,-26.6707311475,-92.4752295238,-59.7282438124,68.6086173296,-40.663321408,-104.591413794,-19.3436552669,-41.8570543571,-15.2006663115,-31.3851409818,-8.75278213781,-24.9128816137,-20.6957099144,-6.24973429068,-14.7888962454,1.7226926689,-10.83061176,-6.94399915015,12.0743518563,-5.97033458051,-5.53317471283,-8.77521423865,-14.0807654227,-17.9053640187,-1.25784362919,-0.514353281313,0.48246795521,0.0127955638649
41,f50o51,50,51,-1383.85770129,241.951430807,-1383.85770129,241.951430807,-1383.85770129,241.951430807,-2043.04244984,331.939855143,-2043.0424579,331.939865335,-15.9612692024,2.59328019792,-4.62413123999,22.1788418728,23.3977298538,-1.1944045082,-41.2644958805,-3.78986848064,33.4624772255,-25.6598593891,49.5874875009,29.7010269184,126.474598984,79.502358402,-90.2909925708,-69.0912336984,-101.666031954,37.2066075731,-98.4075965298,-81.816258616,-54.7871359722,-33.7663750794,-52.392568432,-26.6192757138,-42.7333179698,-17.1703564522,-27.6385944792,-34.594961885,-27.0407794129,22.2163331323,-8.30802314937,-18.3002223224,4.80750755365,-19.3875480576,2.35218412676,-14.0911880779,13.0799392716,-42.1257025219,1.15497633727,-1.97659114351,0.155441462973,-0.00730424185509
42,f50o61,50,61,-1437.40762444,399.913296255,-1437.40762444,399.913296255,-1437.40762444,399.913296255,-2120.78550274,547.037913077,-2120.78550065,547.037918633,-16.5686367238,4.27373373931,-20.7333035348,34.2763351006,48.4721050908,-7.78273550324,-83.5223669259,-7.58533909521,26.1250974674,-57.6034533387,81.3077764402,0.270375318879,199.059788024,5.29016110938,-139.181883178,-25.1840502403,-124.744907773,-12.945757276,-142.116014881,-34.7959524138,-82.3106289632,-16.3553468711,-79.2516646526,-17.4442906931,-66.6335016219,-10.8265505025,-32.7386989783,-53.7860545466,-37.7146837545,35.8464940049,-6.11127671905,-26.5175992039,1.5996863064,-29.0637444229,5.10790425728,-20.0693911319,27.3916734942,-61.5785700155,2.63007650253,-3.5172497293,-0.121697203909,-0.0196343596996
43,f50o71,50,71,-1443.47601965,409.055554648,-1443.47601965,409.055554648,-1443.47601965,409.055554648,-2130.2128,555.782232378,-2130.21279355,555.782244191,-16.6422874496,4.34204878273,-34.0843879733,40.7477235924,69.890135929,-16.6521755408,-115.592084558,-14.2194679962,7.80264194742,-83.8983518235,101.700841263,-38.7094052765,240.776100526,-91.7638678643,-168.254699339,35.0742141985,-123.557042668,-71.150749647,-158.724530205,33.6150461495,-97.3589860374,5.13570332712,-96.0078917777,-6.09591086805,-82.8078872095,-6.36112500833,-44.070585358,-64.4220556303,-49.1054618822,38.6470608259,-2.95165140394,-27.1043468056,-1.51691772491,-33.9568179606,6.57695228719,-19.474198518,15.6681557728,-63.5878373366,1.78310544323,-3.96357955449,-0.391338555637,-0.0534858230869
44,f50o81,50,81,-1210.51077976,260.476162971,-1210.51077976,260.476162971,-1210.51077976,260.476162971,-1792.73280958,351.539911396,-1792.73280615,351.539916547,-14.0057250481,2.74640559802,-36.279149614,36.7981611102,81.9613315835,-24.3536291194,-132.096042017,-20.3073601718,-19.2571680841,-100.754708016,105.154256526,-79.6875294204,238.212350445,-195.861490582,-165.96547217,103.236752757,-96.3592051743,-128.190924618,-144.937226355,115.109808746,-88.6158062069,27.0948568852,-88.6688640993,5.27460110119,-76.8923231604,3.6932911153,-41.6246384392,-57.5768551371,-46.541478811,34.4438094933,-0.439819222987,-20.8701694741,-6.23002068185,-24.4908891308,5.65898179224,-12.0734035935,3.05360608674,-51.5404915228,0.351047652388,-3.24731340757,-0.336546578958,-0.0576524044871
45,f60o01,60,1,-1112.71076279,-77.7635949306,-1112.71076279,-77.7635949306,-1112.71076279,-77.7635949306,-1628.69438269,-100.897720528,-1628.69438353,-100.897711783,-12.7241748713,-0.788263373315,44.866528355,-32.8084113104,-91.5645364811,1.34074670931,145.952485764,-28.6815159948,-60.2642184309,97.9543527471,-134.815253652,-22.6909992607,-334.2182311,-49.8754912446,217.812745414,27.7176053048,202.312753946,32.594521909,220.423876581,73.3108234357,113.775402693,-3.73375492646,106.507135757,-16.0607082054,89.061990409,-20.9850464996,14.002347212,94.0769030899,22.2494710798,-66.4859470711,-3.11919961392,32.9696031903,5.5011993623,36.9610835457,-18.7258854836,29.4790433576,-58.1226326362,49.8461210979,-6.1335236619,3.26065917511,0.421155514916,0.00826863532735
46,f60o11,60,11,-1286.9657044,-123.196333816,-1286.9657044,-123.196333816,-1286.9657044,-123.196333816,-1872.87817437,-159.787099083,-1872.87817202,-159.787091725,-14.6318607189,-1.24833665412,52.0668413111,-33.5008976974,-81.4407993099,8.77196243256,136.939052093,-14.6163263723,-20.3291920958,97.1693082573,-114.890457662,26.2519547214,-269.321092203,64.8576607531,178.732640339,-54.4125457293,138.681524091,85.2567306194,172.159839776,-18.9638678862,101.359433825,-33.171936056,94.5230121696,-29.8201756306,73.2299357952,-31.293965143,-2.3560630392,73.8907127451,4.47068731298,-57.0389142848,-11.4539268313,24.3347091343,15.5171432995,25.0583442304,-20.6510699861,19.490824213,-54.6507383235,30.9609808661,-4.78648188656,2.29104735353,0.282900199175,-0.00173639208603
47,f60o21,60,21,-1302.2342467,-120.806493097,-1302.2342467,-120.806493097,-1302.2342467,-120.806493097,-1893.70649452,-157.614886126,-1893.70649874,-157.614876979,-14.7945820214,-1.23136622641,49.3153630667,-21.0713779582,-58.8581339125,17.8324571562,106.362481607,1.93585116353,19.9347095207,80.8122181179,-78.9296988958,62.3425711598,-175.897078999,148.843511176,118.232844536,-109.056915744,62.4508847688,112.233890659,110.081901847,-94.531717691,65.9812983426,-53.519917477,60.6574325257,-47.1003969888,45.931309744,-47.475706255,-27.5877556607,52.9299343217,-14.5734042678,-41.1624165607,-19.2722526639,13.854602761,28.4690398591,15.2661398839,-24.9605384873,5.4008554695,-67.488266456,5.57034527861,-5.74720587806,-0.0635803195787,0.490827869151,0.0131952980495
48,f60o31,60,31,-1292.70977579,-75.0876332363,-1292.70977579,-75.0876332363,-1292.70977579,-75.0876332363,-1880.56157864,-99.8416279803,-1880.56157189,-99.8416188467,-14.6918872804,-0.780012647262,39.6096173689,-1.4201652602,-32.1026895785,23.764940431,64.862572863,17.7562321221,50.3392849458,53.5912587624,-34.064949198,80.6763404833,-67.8900466109,191.891287864,44.8186975772,-134.971353953,-14.2829917145,118.125841106,36.3407590427,-130.951858994,23.0985906524,-61.6126800607,23.7116891755,-56.4005895689,19.1732325537,-51.4478111672,-42.0478276518,30.4015105476,-27.2043186422,-26.0512444785,-25.2777939077,2.87946834966,37.8570760156,1.67772577362,-23.3401214344,-7.97071494685,-64.2920506774,-10.3672197276,-5.37620197343,-1.14530833953,0.512413394534,0.0146932148381
49,f60o41,60,41,-1284.25327371,-2.44918093449,-1284.25327371,-2.44918093449,-1284.25327371,-2.44918093449,-1868.4271575,-5.00187010619,-1868.42715643,-5.00186261027,-14.5970871596,-0.0390770516583,25.1828407621,18.9622317338,-2.27222543487,26.3162178426,13.8701005438,31.3799910016,67.3546119525,17.4315676597,17.9566317154,79.0517006715,53.161027055,189.699935323,-35.8690517557,-132.224286603,-82.1549472933,102.373420699,-43.8429501884,-128.827308182,-20.8269441739,-61.263508507,-14.8544274973,-55.4295263803,-8.43311090518,-44.4988809889,-43.2090809427,6.20433014694,-29.0087108907,-10.3299017663,-21.2041144794,-4.48916528791,29.3371231242,-3.44345661243,-18.2610774686,-10.5496218573,-47.637639898,-13.9991623997,-4.02775936302,-0.91434975688,0.503831486311,0.0142465106967
50,f60o51,60,51,-1292.72860168,66.8029675024,-1292.72860168,66.8029675024,-1292.72860168,66.8029675024,-1880.26893871,86.2728506222,-1880.26894154,86.2728582319,-14.6896011058,0.674006704926,7.53890931955,36.7123375835,28.4149261961,23.6142159109,-40.7790990419,35.6737190101,71.6677814809,-22.5210085006,65.1272913213,59.8238451394,161.122228824,145.236452388,-106.912865197,-106.381210886,-127.517991691,68.1446816896,-103.476149825,-102.738550173,-56.3423096318,-53.0730715957,-50.9510569037,-50.440676821,-40.6962426919,-36.6166833872,-47.6340060818,-20.638492061,-38.4881427974,6.71186824169,-17.7094850878,-14.2182808786,20.8602075755,-14.721705953,-10.6611109348,-14.8584786829,-27.766601628,-32.6558157886,-2.1638350965,-1.91202073334,0.383288132247,0.00619444260009
51,f60o61,60,61,-1304.98323541,111.877584885,-1304.98323541,111.877584885,-1304.98323541,111.877584885,-1897.44397927,143.949435504,-1897.44397595,143.949445241,-14.8237810621,1.12460504094,-11.4099589861,49.8489292626,57.9358154147,15.4487542736,-91.552193761,27.5565186602,63.012265915,-60.7672129503,101.885622515,25.205957849,243.463987108,61.368963108,-163.026807695,-58.9676559594,-154.670750816,13.642638477,-150.282868558,-52.3003393889,-85.865364364,-35.4657960675,-77.0656881618,-41.5081204649,-64.8635190856,-31.2289244293,-52.4756587549,-39.6073634653,-48.1647327199,20.5693991318,-14.3245197171,-22.3027519044,14.4654903574,-26.0704855932,-5.43681294579,-20.3986143058,-14.436492441,-56.0519155091,-0.907643824393,-3.67714285873,-0.155447811676,-0.0307847692495
52,f60o71,60,71,-1289.32587067,114.194851623,-1289.32587067,114.194851623,-1289.32587067,114.194851623,-1875.73786274,145.280374883,-1875.73786068,145.280386007,-14.6542020366,1.13500301567,-28.6033477831,57.0907456426,83.8778134213,3.39168428924,-130.609370681,13.466317423,40.9991827279,-92.7908180536,124.85521347,-20.4109128262,289.917034137,-50.1788099432,-196.736213258,6.13546341566,-153.45369722,-50.5962297135,-169.845866349,19.9473810887,-101.94949075,-12.4717142954,-93.4239093584,-29.2705673938,-81.2870703641,-26.8952878835,-62.6517451654,-50.1704681903,-59.1952967513,24.9952094307,-9.61728467265,-24.8855766819,6.22443431042,-33.5606690882,1.72265567391,-19.7507966387,-3.94182276686,-56.2323810909,0.0863024623815,-3.68983455307,-0.397747070222,-0.05734420458
53,f60o81,60,81,-1114.67114455,66.6335027011,-1114.67114455,66.6335027011,-1114.67114455,66.6335027011,-1630.63075617,83.2973423172,-1630.63074797,83.2973542781,-12.7393027185,0.650760580285,-35.5475468495,52.4575517317,98.8711678772,-9.56888285995,-151.008686489,-0.359719794245,6.66387789755,-113.093450611,126.149129626,-68.1527776341,281.679481735,-169.93857947,-193.645692516,81.4549222899,-124.368285154,-111.526563172,-157.80879756,108.143448465,-93.6190615396,12.4773003733,-87.8900035396,-13.6657638358,-76.8034346678,-13.8871437408,-58.3395968681,-46.4483921683,-56.5927748139,22.3721135138,-5.89776716323,-18.9527255057,0.668162064461,-24.2859564927,0.917070649585,-11.5622037555,-19.2412123717,-45.2400086771,-1.64451207674,-3.22671728789,-0.29093985708,-0.057477676038
54,f70o01,70,1,-1021.95432804,-20.2125584847,-1021.95432804,-20.2125584847,-1021.95432804,-20.2125584847,-1484.32987799,-26.6903819925,-1484.32987686,-26.6903742015,-11.596327163,-0.208518548456,62.47103048,-34.1224908342,-106.641992362,19.7151291774,177.073045884,-12.8916140755,-45.5329070876,119.159363451,-142.830644525,-8.18476179309,-348.73421946,-21.1895816223,231.07478392,6.49852088441,200.966164642,52.2888449704,222.321116728,68.0878968726,114.847792455,-10.4300937207,103.503664877,-24.6251152956,82.9231815464,-31.585490743,3.89207414376,93.321299468,13.6223449606,-66.867243574,-6.36450058373,32.0196177359,10.4942605629,36.9944891218,-21.4540239632,26.9807141049,-61.2305818779,48.6143199496,-6.55903747265,3.17545572185,0.401982704289,0.0071022357735
55,f70o11,70,11,-1125.4303502,-32.3965323575,-1125.4303502,-32.3965323575,-1125.4303502,-32.3965323575,-1623.94064865,-41.2791134957,-1623.94064436,-41.2791093979,-12.6870362841,-0.322493042181,70.9376600024,-32.5403922523,-93.8751905996,32.0367643924,167.584207263,10.7714076848,2.97491900503,119.688624484,-121.09072114,49.8490738174,-276.541264119,113.218976768,187.972367097,-83.8482166923,133.128279508,111.85460755,172.478669801,-32.9670980027,101.947016271,-43.5348332903,91.6538967091,-41.8117353173,68.6623038785,-42.9262884289,-15.0407461859,76.4319435983,-5.49519432277,-59.2314947618,-15.5102958382,24.2411285369,22.7723083676,24.5546985382,-25.1503465179,16.4340715892,-62.1173534328,22.4805654576,-5.48308296556,1.32416317986,0.293007250601,-0.000818934005449
56,f70o21,70,21,-1135.00983538,-33.3091326651,-1135.00983538,-33.3091326651,-1135.00983538,-33.3091326651,-1637.61673559,-41.7733480347,-1637.616731,-41.7733394391,-12.7938807109,-0.326354214386,67.6614529125,-15.8085258379,-67.6926598475,44.5405913885,134.257886654,38.2497113349,50.9158294844,101.00048174,-80.7304047345,91.911977689,-173.009246581,208.382635377,122.362980226,-141.596338152,52.6664565138,141.95771021,112.232675838,-111.3196546,66.8241242577,-65.9662647837,59.3820648734,-61.2206144855,44.5288446415,-59.9250194444,-41.0477038987,59.1322194435,-24.0057436064,-45.6300783246,-23.9967009178,14.6205009347,36.8586516465,15.6914005505,-28.6450108779,2.59030080974,-74.955025572,0.830115821494,-6.37523610278,-0.613054225158,0.452699898603,0.0105268388113
57,f70o31,70,31,-1131.71614637,-22.2872562743,-1131.71614637,-22.2872562743,-1131.71614637,-22.2872562743,-1633.78127759,-28.462204432,-1633.78127171,-28.4621954357,-12.7639161852,-0.222360901861,56.5720528755,7.93960057847,-36.4074710168,53.4378490061,86.3410745046,67.8369058234,85.873973529,69.4810367554,-30.9911592943,112.924383825,-56.5637442404,256.000297717,44.4248710753,-166.337855559,-27.397752064,146.671114886,39.8426512639,-147.345768112,23.9013821103,-75.1042036529,23.9830660896,-71.8734972637,18.7998725571,-63.1035755299,-55.1561172371,37.651848685,-35.087228205,-31.9928634741,-29.4557422747,4.58872804537,46.1260238636,3.91954873472,-28.1931169977,-6.96652342098,-72.8155250862,-7.68163817817,-6.27306445747,-1.09051507419,0.500956149882,0.013918326469
58,f70o41,70,41,-1131.93094571,-2.67659316037,-1131.93094571,-2.67659316037,-1131.93094571,-2.67659316037,-1634.45318527,-4.75963143368,-1634.45318083,-4.75962124027,-12.7691654752,-0.037184540955,39.94800873,31.831510088,-1.59725942468,58.0411863703,25.7918062074,94.2233459677,105.553361592,27.6165808239,26.9679552287,111.050876933,73.9484122913,252.767862433,-41.6228798317,-161.265760602,-98.6966524074,128.175244597,-42.7262330291,-143.825819493,-21.2857414068,-75.1575636951,-13.9142805862,-72.2356196387,-7.67212368923,-56.5840279529,-56.5746748137,15.3337952821,-37.0237192263,-19.1984840771,-27.6573522376,-1.86140306663,42.4284259315,-1.08278962146,-27.110180178,-10.1448842597,-63.5240939544,-10.5265953325,-5.65318313686,-0.949199157848,0.478708178607,0.0124770706529
59,f70o51,70,51,-1132.7438513,13.8311203047,-1132.7438513,13.8311203047,-1132.7438513,13.8311203047,-1635.28632344,15.4890866453,-1635.28632018,15.4890898322,-12.7756743764,0.121008514297,19.3627599357,51.9828978096,34.3120059341,55.3715501924,-39.8001891359,102.24288023,110.881826473,-18.6571228218,79.6069458805,88.827647129,190.353199254,203.96352811,-118.4020105,-133.143730636,-146.306620623,90.9023742052,-103.692093898,-114.326830821,-56.4228030859,-66.6052401325,-47.3647403025,-67.5905769299,-37.3366257586,-48.9297633822,-59.4693009788,-9.62628537257,-43.3976380528,-3.11015898622,-23.0163726052,-10.1531843459,33.1217932842,-11.5893820801,-21.5274291984,-15.5732246434,-51.2410063212,-32.9624948491,-4.36818397825,-2.49743359937,0.347877889097,0.00352622886009
60,f70o61,70,61,-1136.67627198,25.0938207493,-1136.67627198,25.0938207493,-1136.67627198,25.0938207493,-1640.52049833,28.7309867453,-1640.52049846,28.7310039984,-12.8165663942,0.22446096873,-2.98314155001,66.5734071263,68.9685632698,44.9532504197,-100.868112794,85.1836911222,100.931806475,-63.8435132182,121.790444174,49.254055955,281.942304842,112.747936179,-180.340948049,-83.2982435951,-176.465387495,33.7844679672,-152.059663739,-62.0906403539,-86.4587800819,-48.9550060248,-73.1413732289,-57.9359879848,-61.1514345622,-43.77789253,-65.1738417692,-27.6145265518,-53.6616031824,9.03866618508,-20.2517609543,-17.8766564215,25.9497359888,-23.5816219014,-13.8637497442,-20.3377687933,-38.2732969991,-50.3657484828,-3.02049598796,-3.8752859673,-0.265935849456,-0.0398602608863
61,f70o71,70,71,-1126.24002283,26.2272246352,-1126.24002283,26.2272246352,-1126.24002283,26.2272246352,-1626.03532748,30.6146156265,-1626.03532419,30.6146309744,-12.7034009702,0.23917680448,-24.0268081797,74.6788093013,99.7030803845,28.7192300459,-147.258503519,56.2366623983,75.2474226888,-101.520074258,147.059709637,-2.32166923041,332.557236481,-8.45938462308,-218.172999301,-16.0223574839,-177.428243081,-32.9871035946,-175.441545527,11.7786443894,-103.633026288,-24.3386018827,-88.6494800745,-45.2825627326,-76.7907205655,-40.1408368727,-73.6209257419,-36.839574615,-63.5902884947,15.5316160038,-14.957925124,-21.7900467027,13.879507701,-31.4818959437,-3.15524280981,-19.2532127319,-19.6028572832,-44.4997941583,-1.39273606497,-3.24467146366,-0.384394367997,-0.0532021786537
62,f70o81,70,81,-1018.92345812,12.3689822705,-1018.92345812,12.3689822705,-1018.92345812,12.3689822705,-1478.99821914,14.0679634379,-1478.99821845,14.0679752593,-11.5546735816,0.109906056701,-35.6543524694,70.1531975034,118.13934419,9.60208161221,-170.538035239,29.0056570395,33.8358890624,-125.291527298,146.105884338,-56.1921169886,319.219392578,-141.138771184,-214.958659268,63.7748192686,-144.350668032,-98.3955631871,-165.650299832,101.024226898,-95.9308970659,1.46691831429,-83.7578827964,-27.9107955565,-73.6098943572,-26.4316805534,-68.1339489063,-35.6362039309,-60.2781038535,13.246095487,-9.7633389393,-15.9596764377,5.20922676166,-21.7152509639,-2.5609205466,-10.2921835277,-30.5724165072,-38.1767763098,-2.66834762794,-2.87061801769,-0.283035238692,-0.0574423556793
63,f80o01,80,1,-939.894069731,-6.41012192783,-939.894069731,-6.41012192783,-939.894069731,-6.41012192783,-1360.42841829,-10.1935727148,-1360.42842118,-10.1935666205,-10.6283470404,-0.0796372392325,78.8026016681,-35.1120095898,-121.694776643,40.4215817719,208.913210933,4.81575958917,-31.1523779276,142.374547953,-151.44734459,6.1016645091,-365.657663826,5.1972283901,243.202476052,-11.5697443469,197.692631253,69.4027632449,220.170392177,61.315613498,113.01019116,-16.765102088,96.0143726736,-32.6284782966,74.2624531189,-38.953001705,-3.24831977703,88.8880827009,8.67432149895,-64.6466251004,-7.52617012,31.1385902339,12.4617114567,35.2998334715,-21.2117177673,23.0885080779,-61.1949757436,41.3349127196,-6.63779319605,2.3461065094,0.428179399997,0.00891167459641
64,f80o11,80,11,-990.593525331,-8.1501449656,-990.593525331,-8.1501449656,-990.593525331,-8.1501449656,-1427.03603879,-11.7549394054,-1427.03603855,-11.7549287591,-11.1487190512,-0.091835380939,87.3264927216,-31.3332797856,-105.87721362,56.8267778357,199.702651587,38.0322624422,26.4388424037,141.540688848,-126.769047976,72.6070722141,-281.255973254,156.31165439,195.308886017,-106.21706811,127.672899496,131.782011851,171.945693396,-42.1016428134,102.081277734,-50.9690275929,87.3504051267,-50.666696347,62.4628254358,-51.4687676508,-24.3117960801,76.5488828219,-10.3418293004,-60.4590829595,-17.4334477989,24.7229788996,25.866564291,24.5046238787,-27.2968010868,13.6466713737,-63.8867640955,14.8374407779,-5.63627060693,0.465526803431,0.198344247251,-0.00774305774857
65,f80o21,80,21,-994.352319132,-10.0509804984,-994.352319132,-10.0509804984,-994.352319132,-10.0509804984,-1432.38695045,-13.7171084133,-1432.38695291,-13.7171032994,-11.1905230696,-0.107164869537,83.6301068198,-10.7895982356,-76.2791899901,73.4319736436,164.115351401,80.0654448142,81.6959926865,120.641483099,-82.4159267781,120.134548516,-170.118025952,260.543109517,126.093715888,-164.661450234,45.0972247485,164.625702358,114.282057182,-120.266413294,67.2673523549,-74.2574893234,57.1117691165,-71.2796342883,40.4781272874,-67.2939144116,-49.4894916228,61.7098944552,-28.040764061,-49.4626607374,-26.7139611977,16.1692922107,42.0253062273,17.4664594656,-31.5752259168,2.11322454551,-77.1449621953,-1.4328238653,-6.64485692717,-0.923735337721,0.323689804989,0.0013449770023
66,f80o31,80,31,-995.497776877,-10.7070706565,-995.497776877,-10.7070706565,-995.497776877,-10.7070706565,-1434.37865562,-14.0849885695,-1434.37865369,-14.084980312,-11.2060832319,-0.110038908701,71.4883620953,16.4504879806,-40.3596297462,86.3304376449,109.30669336,129.66748492,120.758380684,84.797215274,-28.054559063,143.177150049,-47.844332202,310.162252357,44.9149090302,-187.478347987,-36.2292341107,166.832740482,43.9919086735,-155.743744805,25.2690868349,-83.023055417,23.7048715335,-82.1596081632,16.8622056171,-68.8593688545,-61.6089276636,41.0296518674,-38.077469231,-36.0460922568,-31.5588554858,6.99879524,51.1546403898,7.39039069909,-32.9443784193,-5.99013932798,-76.7554699272,-6.44234567735,-6.80065234484,-1.06116987257,0.458289049427,0.0108818139371
67,f80o41,80,41,-994.748929915,-0.892157773982,-994.748929915,-0.892157773982,-994.748929915,-0.892157773982,-1433.83921026,-1.79112860306,-1433.83920025,-1.79112484936,-11.2018687519,-0.0139931629013,52.8445759343,43.1248558642,-0.466333084002,93.3322239866,38.025641701,172.5571523,142.674068844,37.762413245,34.9942281351,140.91005109,89.8851243855,306.198719922,-44.258058078,-180.188967134,-109.366034953,146.862828696,-36.898295212,-150.02739436,-19.6323190572,-82.5130204027,-12.0254133258,-82.755299026,-6.92631567378,-61.6889304286,-63.2856599737,21.459781904,-40.765640438,-24.5575768035,-30.9289181305,0.703771589512,49.4242682125,2.02460699792,-32.1048057143,-9.83788118655,-72.3988571122,-8.83657714729,-6.65214744569,-0.959724231387,0.453374806245,0.0106904764648
68,f80o51,80,51,-997.886906934,1.51774139726,-997.886906934,1.51774139726,-997.886906934,1.51774139726,-1438.05229293,0.229475818587,-1438.05228865,0.229479249779,-11.2347835051,0.00179280662241,29.9008040333,65.3726230042,40.5238020911,91.3438829179,-38.9413069129,186.82527359,149.246532071,-14.8438978194,93.2996525799,116.011857552,214.683394794,254.145073231,-125.034703423,-150.719284827,-159.162028304,107.74987227,-99.0590836045,-117.389757589,-55.4135584945,-74.5977617316,-42.8281911948,-78.8339065197,-32.9107666618,-55.0237035945,-66.5104491313,0.00418242027875,-47.2252107211,-9.58697447751,-26.5821665,-7.24120791301,41.7955589898,-9.43167174908,-28.2447189725,-15.3128129806,-63.7540653462,-28.3216250546,-5.70292993056,-2.33074312323,0.286000949263,-0.000682698354364
69,f80o61,80,61,-994.488306351,3.37621658401,-994.488306351,3.37621658401,-994.488306351,3.37621658401,-1432.85685852,2.39510641926,-1432.85686124,2.39511334635,-11.1941942285,0.0187118230125,4.59164737429,80.9981158687,80.2683165578,78.2770040756,-110.807844959,156.521403448,138.308128183,-66.2242507686,140.443652482,71.6775925846,314.706854317,156.065292173,-191.481590539,-99.0263620926,-190.211263468,47.4450364741,-147.581191496,-64.7782263003,-84.6376719722,-57.7262497223,-66.5765278763,-70.3978090228,-54.9899473237,-51.2933605179,-72.0177552734,-15.2250247142,-55.3576859934,-0.488061518589,-23.4625787983,-13.0364918938,32.8272413515,-19.0222176422,-20.3979511077,-18.7434056765,-50.9105992589,-37.9448689521,-4.43134586445,-2.95614943089,-0.219608737818,-0.0355092669382
70,f80o71,80,71,-993.730306092,4.67310752307,-993.730306092,4.67310752307,-993.730306092,4.67310752307,-1432.43950463,5.32076609799,-1432.43949917,5.32078193673,-11.1909335873,0.041568608871,-19.4966108215,89.7819860593,115.730742505,57.4529026781,-165.145129643,107.238872575,109.692578206,-108.869944581,167.451230081,15.3434529207,367.834385948,30.2389255509,-232.6626795,-31.2610489956,-192.732501509,-19.8631294881,-176.024417375,8.03940607906,-102.468176016,-32.7201917633,-81.8610969782,-57.2110057561,-70.6370298401,-48.0371888464,-78.4630133847,-24.695386965,-63.4902549603,6.70406557997,-18.6609381291,-17.3049203595,19.2135183177,-26.0218667107,-9.3953599725,-17.7577566237,-33.7297876786,-33.2992404087,-2.93337731449,-2.68171439007,-0.338943402569,-0.0468403047938
71,f80o81,80,81,-933.892507154,1.12651290364,-933.892507154,1.12651290364,-933.892507154,1.12651290364,-1352.17800746,1.26127285562,-1352.17800465,1.2612790177,-10.5638906614,0.00985374232009,-35.4702319376,86.2699201597,137.74126136,31.6301550043,-191.214116593,61.7897715889,61.358084352,-136.220032698,164.324406634,-44.2411602415,351.334658133,-113.015432939,-230.023377067,50.7162626293,-157.908795536,-87.98077845,-168.937861811,96.1427593857,-95.4212577815,-5.32936579501,-77.0138335563,-38.9653425328,-66.75306876,-35.9448638448,-72.4914359426,-24.58474878,-60.5160989,7.27467636699,-11.9142874948,-13.2664979211,8.16530003699,-18.7145598885,-5.66566376836,-9.58382850438,-36.4255818742,-33.9142468056,-3.15181491764,-2.52670212154,-0.26725742476,-0.0554845862101
72,f90o01,90,1,-776.071887498,-3.89388565193,-776.071887498,-3.89388565193,-776.071887498,-3.89388565193,-1129.85615168,-6.13371013084,-1129.8561521,-6.1337035147,-8.8270011883,-0.0479195587152,79.1397811478,-30.3270429132,-124.127155441,51.7038779635,222.209660208,16.0528970706,-17.8232054611,157.86058447,-158.534214452,17.575921132,-379.235845986,25.5940034565,250.065144934,-17.30775107,193.47526819,75.2583209656,213.588784887,59.9901297477,112.327394057,-18.2808614854,91.9094326634,-35.0157002279,69.10004982,-41.8015172795,-9.06886180448,86.1701032239,5.84375341507,-62.6643010857,-8.39531464555,30.8859310533,11.6448570438,35.9734306339,-21.188851156,23.5109899318,-60.9159735556,42.7604895964,-6.45730444587,2.70057282018,0.395587560284,0.00660606102329
73,f90o11,90,11,-801.193097526,-4.84629613118,-801.193097526,-4.84629613118,-801.193097526,-4.84629613118,-1163.50303716,-7.66545003969,-1163.50303207,-7.6654423496,-9.08986743803,-0.0598862683633,85.3968677356,-25.584740541,-106.91296721,68.3949473603,213.702840255,52.2779386718,48.0136884732,159.406923827,-132.364424589,93.5142123953,-286.509090554,194.791662466,200.527016215,-121.384493147,122.173298235,144.598696902,168.960891475,-49.1821602412,100.730607806,-54.3355757777,80.3811717169,-56.9007566096,54.6153217531,-56.9059990195,-32.0144929209,74.1658399018,-14.8051531047,-59.5361371876,-18.1825888823,24.0151703,25.6309912202,24.2341923409,-27.1148895101,12.031882102,-63.3042803074,9.66883636377,-5.55576476026,-0.00453269039101,0.0412737153324,-0.0193098820886
74,f90o21,90,21,-803.862700307,-2.90858518431,-803.862700307,-2.90858518431,-803.862700307,-2.90858518431,-1166.57317763,-5.27372023084,-1166.57317572,-5.2737161513,-9.11385293535,-0.0412009074416,81.6283260957,-5.74021930799,-76.9520030848,85.9319015365,178.497029827,98.1576241637,109.466186655,137.115081577,-84.3718083824,145.769348096,-168.583090432,307.302839876,128.99912027,-179.76626384,40.1308965113,179.658273022,115.637272867,-123.17017639,66.44212498,-77.676944412,52.7835571898,-77.3753317656,33.652352552,-68.6887897845,-53.123978158,59.9645568917,-29.1831012796,-49.904461894,-26.9239364827,16.3656951293,44.0150365279,18.1335390415,-33.4416649779,1.53803473419,-76.4195276015,-3.28995067007,-6.81639781735,-1.2278883786,0.193465435878,-0.00779402653802
75,f90o31,90,31,-803.34769072,-6.60753024045,-803.34769072,-6.60753024045,-803.34769072,-6.60753024045,-1165.45012961,-9.4285907393,-1165.45012943,-9.42858820568,-9.10507913617,-0.0736608453657,70.6475083996,19.5271634772,-39.9100802972,100.602448149,120.626302346,155.413014952,151.718284549,97.6500523268,-25.5040365872,170.136164043,-39.7960274567,358.073111719,45.7362101436,-200.758709082,-40.9775734528,181.437326494,48.8739219805,-156.173101431,26.4085419212,-86.1203189991,23.4400412556,-87.886556568,14.1741785611,-68.8113233726,-61.4549762796,41.9595852694,-37.2130970513,-37.2987141544,-31.9311606944,8.72845769416,53.1451125345,10.9508630544,-36.5163464405,-5.11786510017,-77.4958183482,-5.20236824552,-7.17860983235,-1.09066853159,0.368369957911,0.00463929917378
76,f90o41,90,41,-803.679538599,-2.4644866094,-803.679538599,-2.4644866094,-803.679538599,-2.4644866094,-1166.31410394,-3.99556621008,-1166.31410509,-3.99556623078,-9.11182894599,-0.031215361188,53.6509094268,43.7753022778,0.757546915677,108.312305289,45.6954391354,203.446661075,175.465989312,46.2364772856,42.0259497951,167.362961205,104.733246836,353.199054183,-45.4101744233,-191.546320617,-115.716836269,160.179452909,-27.4704638475,-149.725503742,-16.4419288511,-85.762242441,-9.07773179107,-88.3420073924,-5.47550688596,-62.0219471582,-63.7399510504,25.4386454208,-41.4462163412,-27.4518693246,-31.6726530638,2.75353810776,50.8933276581,5.13255599013,-34.5189674148,-8.72415365934,-74.4760655588,-7.72380718238,-7.0810688651,-1.00991187212,0.389632948525,0.00638322978097
77,f90o51,90,51,-804.442378088,-0.498262961367,-804.442378088,-0.498262961367,-804.442378088,-0.498262961367,-1167.03713205,-1.69241414525,-1167.0371304,-1.69240981691,-9.11747758128,-0.0132219517061,32.5909905474,63.7940513102,42.149154494,106.474038305,-34.7927377278,218.538668266,182.834401705,-10.746499694,105.114059783,140.190355447,235.410404976,298.274162213,-128.039671296,-160.559467444,-166.379176254,119.499635327,-91.1697170151,-113.817686285,-53.6029422136,-77.5679875076,-38.8316448758,-84.4302202922,-29.1921172601,-56.6657593142,-68.6112094282,7.48327906131,-47.7147568278,-14.945197407,-27.7513722373,-4.41470571967,44.2277069771,-6.1510107323,-31.2290884928,-13.8556913818,-65.6376737526,-24.8907381488,-6.08675539656,-1.95433579816,0.185844995888,-0.00732288399415
78,f90o61,90,61,-801.128787837,-1.36238508511,-801.128787837,-1.36238508511,-801.128787837,-1.36238508511,-1162.21894894,-2.79132783706,-1162.21894653,-2.79132428186,-9.07983551977,-0.0218072209637,9.20514527326,77.9509070108,82.3563522443,93.2953978973,-110.395742711,184.762935833,171.107971323,-66.9238854572,156.891142992,91.5208978052,344.033885672,194.182783488,-198.357700175,-108.109017114,-196.810084076,58.54638492,-139.310008678,-63.17509192,-80.8191755347,-61.9952629365,-58.602370882,-77.7661657583,-47.668071938,-53.4194572395,-71.8312767994,-5.24960392828,-52.6137428776,-6.64649737104,-24.1282633754,-9.26592175873,35.6965303423,-13.9697324338,-25.2341282137,-16.146169322,-58.2344011861,-29.0447642877,-5.42269548051,-2.35146100913,-0.103080548064,-0.0272613825052
79,f90o71,90,71,-801.004110623,0.435610547659,-801.004110623,0.435610547659,-801.004110623,0.435610547659,-1162.72116495,0.451328958441,-1162.72116549,0.451338534082,-9.08375910541,0.00352608228656,-13.6703532759,86.0945366369,118.347871813,71.3177504982,-168.030649689,127.973894905,139.919387063,-113.668954217,185.54934017,30.8460851761,399.872554441,62.7617687764,-241.864057457,-41.0580462471,-199.833411718,-8.4352830359,-169.147683412,8.62264215313,-97.9945466726,-37.5095800062,-72.118301268,-65.6106354196,-61.6978185828,-50.6968392799,-77.1701702081,-13.3422100126,-59.4684790776,-0.0585213931987,-19.2576860707,-13.3809090705,20.3363988079,-20.261022963,-13.9714932459,-15.1237535811,-45.7619380939,-26.603416392,-4.22592942761,-2.12905383687,-0.258880701714,-0.0400212898747
80,f90o81,90,81,-774.979638447,-0.797660812936,-774.979638447,-0.797660812936,-774.979638447,-0.797660812936,-1129.31796149,-1.99565748038,-1129.31795896,-1.99565901776,-8.82279655441,-0.0155910860853,-30.4368715567,84.9039656511,142.06779222,44.7177469776,-195.512698325,77.7898794878,85.9778621767,-143.95806761,180.313362987,-33.4199405282,379.76277137,-88.2285648751,-238.993402462,41.6170982229,-164.816280397,-79.7659932644,-166.467785553,93.310891625,-92.9520227891,-9.77630968258,-68.5523721563,-46.6994735324,-58.5103764243,-40.7896350459,-71.9788136033,-14.2157345901,-58.3742826019,1.03985730725,-13.7428772328,-10.4152162113,11.8629047272,-15.4206362671,-8.45244338642,-8.60571133521,-38.9361839129,-31.4826020381,-3.29460672957,-2.5088918616,-0.240762052693,-0.0468011734144
